k,buckets,fp_size,buck_size,iterations,items,constr_speed,load_factor, total_size_bytes, bits_per_item, false_positive_rate
0,6500,16,64,500,10000000,543494.6033,1.0,11981495,9.585196,0.010818877075172543
0,2976191,10,4,500,10000000,168476.1748,0.839999852160026,392926168,314.3409344,0.006435366536094013
0,2976191,10,4,500,10000000,97105.2452,0.839999852160026,39987179,31.9897432,0.005595970900951315
0,2976191,10,4,500,10000000,151187.1727,0.839999852160026,392931064,314.3448512,0.006155567991046447