k,buckets,fp_size,buck_size,iterations,items,constr_speed,load_factor, total_size_bytes, bits_per_item, false_positive_rate
0,6500,16,64,500,10000000,511674.4571,1.0,11981495,9.585196,0.010818877075172543
0,90753,16,4,500,361608,106341.9207,0.996132359260859,11986200,265.17554921351297,9.326618168252192e-05
0,715000,16,4,500,2846388,19929.3992,0.9952405594405594,11828632,33.245311601931995,0.0010259279985077412
0,90752,16,4,500,361915,93574.8802,0.9969890470733427,11986076,264.9478689747593,0.009792949076664802
